-- Listening sample data seed
-- Seeds two full listening mocks (001, 002) with sections and questions.

-- Clean existing rows for these slugs to keep seed idempotent
delete from public.listening_user_answers where attempt_id in (
  select id from public.listening_attempts where test_slug in ('ielts-listening-full-001','ielts-listening-full-002')
);

delete from public.listening_attempts where test_slug in ('ielts-listening-full-001','ielts-listening-full-002');

delete from public.listening_questions where test_slug in ('ielts-listening-full-001','ielts-listening-full-002');
delete from public.listening_sections where test_slug in ('ielts-listening-full-001','ielts-listening-full-002');
delete from public.listening_tests where slug in ('ielts-listening-full-001','ielts-listening-full-002');

-- Ensure question types exist
insert into public.listening_question_types (key, label, description) values
  ('mcq', 'Multiple Choice', 'Choose the correct option from A/B/C/D.'),
  ('table_completion', 'Form / Table / Note Completion', 'Fill missing words in forms, tables, notes, or flowcharts.'),
  ('sentence_completion', 'Sentence Completion', 'Complete the sentence with 1–3 words from the recording.'),
  ('map_labeling', 'Map / Diagram Labeling', 'Label places or parts on a map or diagram using the recording.'),
  ('matching', 'Matching', 'Match speakers, items, or features to the correct list options.'),
  ('summary_completion', 'Summary Completion', 'Fill a short summary with missing words based on the audio.')
  on conflict (key) do update set
    label = excluded.label,
    description = excluded.description;

-- Seed tests, sections, and questions (generated from data/listening)
-- ielts-listening-full-001
insert into public.listening_tests (slug,title,audio_url,duration_minutes,questions,is_mock,is_published) values ('ielts-listening-full-001','IELTS Listening Full Mock Exam 001','https://xypbinamxunmwkhlvefd.supabase.co/storage/v1/object/public/listening-audio/Test06_Audio.mp3',40,40,true,true) on conflict (slug) do update set title=excluded.title, audio_url=excluded.audio_url, duration_minutes=excluded.duration_minutes, questions=excluded.questions, is_mock=true, is_published=true;
insert into public.listening_sections (test_slug, order_no, audio_url, start_ms, end_ms, title, start_sec, end_sec) values ('ielts-listening-full-001',1,'https://xypbinamxunmwkhlvefd.supabase.co/storage/v1/object/public/listening-audio/Test06_Audio.mp3',0,600000,'Section 1 — Booking a Community Hall',0,600) on conflict (test_slug, order_no) do update set audio_url=excluded.audio_url, start_ms=excluded.start_ms, end_ms=excluded.end_ms, title=excluded.title, start_sec=excluded.start_sec, end_sec=excluded.end_sec;
insert into public.listening_questions (test_slug, section_no, question_number, qno, question_type, type, prompt, question_text, options, correct_answer) values ('ielts-listening-full-001',1,1,1,'mcq','mcq','Where does Emma want to hold the party?','Where does Emma want to hold the party?','["The Riverside Hall","The Lakeside Pavilion","The Mountain View Centre","The High Street Cafe"]'::jsonb,'"The Riverside Hall"'::jsonb) on conflict (test_slug, question_number) do update set section_no=excluded.section_no, qno=excluded.qno, question_type=excluded.question_type, type=excluded.type, prompt=excluded.prompt, question_text=excluded.question_text, options=excluded.options, correct_answer=excluded.correct_answer;
insert into public.listening_questions (test_slug, section_no, question_number, qno, question_type, type, prompt, question_text, options, correct_answer) values ('ielts-listening-full-001',1,2,2,'sentence_completion','gap','Date requested','Date requested',null,'"12th September"'::jsonb) on conflict (test_slug, question_number) do update set section_no=excluded.section_no, qno=excluded.qno, question_type=excluded.question_type, type=excluded.type, prompt=excluded.prompt, question_text=excluded.question_text, options=excluded.options, correct_answer=excluded.correct_answer;
insert into public.listening_questions (test_slug, section_no, question_number, qno, question_type, type, prompt, question_text, options, correct_answer) values ('ielts-listening-full-001',1,3,3,'sentence_completion','gap','Start time','Start time',null,'"6:30 pm"'::jsonb) on conflict (test_slug, question_number) do update set section_no=excluded.section_no, qno=excluded.qno, question_type=excluded.question_type, type=excluded.type, prompt=excluded.prompt, question_text=excluded.question_text, options=excluded.options, correct_answer=excluded.correct_answer;
insert into public.listening_questions (test_slug, section_no, question_number, qno, question_type, type, prompt, question_text, options, correct_answer) values ('ielts-listening-full-001',1,4,4,'sentence_completion','gap','Number of guests expected','Number of guests expected',null,'"85"'::jsonb) on conflict (test_slug, question_number) do update set section_no=excluded.section_no, qno=excluded.qno, question_type=excluded.question_type, type=excluded.type, prompt=excluded.prompt, question_text=excluded.question_text, options=excluded.options, correct_answer=excluded.correct_answer;
insert into public.listening_questions (test_slug, section_no, question_number, qno, question_type, type, prompt, question_text, options, correct_answer) values ('ielts-listening-full-001',1,5,5,'mcq','mcq','What catering option do they choose?','What catering option do they choose?','["Cold buffet","Formal dinner","Afternoon tea","Food trucks"]'::jsonb,'"Cold buffet"'::jsonb) on conflict (test_slug, question_number) do update set section_no=excluded.section_no, qno=excluded.qno, question_type=excluded.question_type, type=excluded.type, prompt=excluded.prompt, question_text=excluded.question_text, options=excluded.options, correct_answer=excluded.correct_answer;
insert into public.listening_questions (test_slug, section_no, question_number, qno, question_type, type, prompt, question_text, options, correct_answer) values ('ielts-listening-full-001',1,6,6,'sentence_completion','gap','Deposit amount','Deposit amount',null,'"200 pounds"'::jsonb) on conflict (test_slug, question_number) do update set section_no=excluded.section_no, qno=excluded.qno, question_type=excluded.question_type, type=excluded.type, prompt=excluded.prompt, question_text=excluded.question_text, options=excluded.options, correct_answer=excluded.correct_answer;
insert into public.listening_questions (test_slug, section_no, question_number, qno, question_type, type, prompt, question_text, options, correct_answer) values ('ielts-listening-full-001',1,7,7,'sentence_completion','gap','Required equipment','Required equipment',null,'"projector"'::jsonb) on conflict (test_slug, question_number) do update set section_no=excluded.section_no, qno=excluded.qno, question_type=excluded.question_type, type=excluded.type, prompt=excluded.prompt, question_text=excluded.question_text, options=excluded.options, correct_answer=excluded.correct_answer;
insert into public.listening_questions (test_slug, section_no, question_number, qno, question_type, type, prompt, question_text, options, correct_answer) values ('ielts-listening-full-001',1,8,8,'sentence_completion','short','Who will collect the keys on the day?','Who will collect the keys on the day?',null,'"Mark"'::jsonb) on conflict (test_slug, question_number) do update set section_no=excluded.section_no, qno=excluded.qno, question_type=excluded.question_type, type=excluded.type, prompt=excluded.prompt, question_text=excluded.question_text, options=excluded.options, correct_answer=excluded.correct_answer;
insert into public.listening_questions (test_slug, section_no, question_number, qno, question_type, type, prompt, question_text, options, correct_answer) values ('ielts-listening-full-001',1,9,9,'mcq','mcq','How will Emma pay the balance?','How will Emma pay the balance?','["Credit card","Bank transfer","Cheque","Cash"]'::jsonb,'"Bank transfer"'::jsonb) on conflict (test_slug, question_number) do update set section_no=excluded.section_no, qno=excluded.qno, question_type=excluded.question_type, type=excluded.type, prompt=excluded.prompt, question_text=excluded.question_text, options=excluded.options, correct_answer=excluded.correct_answer;
insert into public.listening_questions (test_slug, section_no, question_number, qno, question_type, type, prompt, question_text, options, correct_answer) values ('ielts-listening-full-001',1,10,10,'sentence_completion','gap','Contact email','Contact email',null,'"events@rivertown.org"'::jsonb) on conflict (test_slug, question_number) do update set section_no=excluded.section_no, qno=excluded.qno, question_type=excluded.question_type, type=excluded.type, prompt=excluded.prompt, question_text=excluded.question_text, options=excluded.options, correct_answer=excluded.correct_answer;
insert into public.listening_sections (test_slug, order_no, audio_url, start_ms, end_ms, title, start_sec, end_sec) values ('ielts-listening-full-001',2,'https://xypbinamxunmwkhlvefd.supabase.co/storage/v1/object/public/listening-audio/Test06_Audio.mp3',600000,1200000,'Section 2 — Volunteer Training Briefing',600,1200) on conflict (test_slug, order_no) do update set audio_url=excluded.audio_url, start_ms=excluded.start_ms, end_ms=excluded.end_ms, title=excluded.title, start_sec=excluded.start_sec, end_sec=excluded.end_sec;
insert into public.listening_questions (test_slug, section_no, question_number, qno, question_type, type, prompt, question_text, options, correct_answer) values ('ielts-listening-full-001',2,11,11,'mcq','mcq','What is the main goal of the project?','What is the main goal of the project?','["Improve public transport","Create a community garden","Renovate the library","Organise a charity concert"]'::jsonb,'"Create a community garden"'::jsonb) on conflict (test_slug, question_number) do update set section_no=excluded.section_no, qno=excluded.qno, question_type=excluded.question_type, type=excluded.type, prompt=excluded.prompt, question_text=excluded.question_text, options=excluded.options, correct_answer=excluded.correct_answer;
insert into public.listening_questions (test_slug, section_no, question_number, qno, question_type, type, prompt, question_text, options, correct_answer) values ('ielts-listening-full-001',2,12,12,'sentence_completion','gap','Number of volunteer teams','Number of volunteer teams',null,'"4"'::jsonb) on conflict (test_slug, question_number) do update set section_no=excluded.section_no, qno=excluded.qno, question_type=excluded.question_type, type=excluded.type, prompt=excluded.prompt, question_text=excluded.question_text, options=excluded.options, correct_answer=excluded.correct_answer;
insert into public.listening_questions (test_slug, section_no, question_number, qno, question_type, type, prompt, question_text, options, correct_answer) values ('ielts-listening-full-001',2,13,13,'sentence_completion','gap','Safety briefing location','Safety briefing location',null,'"Greenfield Hall"'::jsonb) on conflict (test_slug, question_number) do update set section_no=excluded.section_no, qno=excluded.qno, question_type=excluded.question_type, type=excluded.type, prompt=excluded.prompt, question_text=excluded.question_text, options=excluded.options, correct_answer=excluded.correct_answer;
insert into public.listening_questions (test_slug, section_no, question_number, qno, question_type, type, prompt, question_text, options, correct_answer) values ('ielts-listening-full-001',2,14,14,'mcq','mcq','Which tool must volunteers bring themselves?','Which tool must volunteers bring themselves?','["Gloves","Watering cans","Rakes","Sun hats"]'::jsonb,'"Gloves"'::jsonb) on conflict (test_slug, question_number) do update set section_no=excluded.section_no, qno=excluded.qno, question_type=excluded.question_type, type=excluded.type, prompt=excluded.prompt, question_text=excluded.question_text, options=excluded.options, correct_answer=excluded.correct_answer;
insert into public.listening_questions (test_slug, section_no, question_number, qno, question_type, type, prompt, question_text, options, correct_answer) values ('ielts-listening-full-001',2,15,15,'sentence_completion','gap','Emergency contact number','Emergency contact number',null,'"01952 884 201"'::jsonb) on conflict (test_slug, question_number) do update set section_no=excluded.section_no, qno=excluded.qno, question_type=excluded.question_type, type=excluded.type, prompt=excluded.prompt, question_text=excluded.question_text, options=excluded.options, correct_answer=excluded.correct_answer;
insert into public.listening_questions (test_slug, section_no, question_number, qno, question_type, type, prompt, question_text, options, correct_answer) values ('ielts-listening-full-001',2,16,16,'sentence_completion','short','Who is the site supervisor?','Who is the site supervisor?',null,'"Priya Sharma"'::jsonb) on conflict (test_slug, question_number) do update set section_no=excluded.section_no, qno=excluded.qno, question_type=excluded.question_type, type=excluded.type, prompt=excluded.prompt, question_text=excluded.question_text, options=excluded.options, correct_answer=excluded.correct_answer;
insert into public.listening_questions (test_slug, section_no, question_number, qno, question_type, type, prompt, question_text, options, correct_answer) values ('ielts-listening-full-001',2,17,17,'sentence_completion','gap','Meeting time on Saturday','Meeting time on Saturday',null,'"8:45 am"'::jsonb) on conflict (test_slug, question_number) do update set section_no=excluded.section_no, qno=excluded.qno, question_type=excluded.question_type, type=excluded.type, prompt=excluded.prompt, question_text=excluded.question_text, options=excluded.options, correct_answer=excluded.correct_answer;
insert into public.listening_questions (test_slug, section_no, question_number, qno, question_type, type, prompt, question_text, options, correct_answer) values ('ielts-listening-full-001',2,18,18,'mcq','mcq','What will happen if it rains heavily?','What will happen if it rains heavily?','["The event will be cancelled","Activities move to the sports hall","Volunteers will work under tents","The event is postponed to Sunday"]'::jsonb,'"Activities move to the sports hall"'::jsonb) on conflict (test_slug, question_number) do update set section_no=excluded.section_no, qno=excluded.qno, question_type=excluded.question_type, type=excluded.type, prompt=excluded.prompt, question_text=excluded.question_text, options=excluded.options, correct_answer=excluded.correct_answer;
insert into public.listening_questions (test_slug, section_no, question_number, qno, question_type, type, prompt, question_text, options, correct_answer) values ('ielts-listening-full-001',2,19,19,'sentence_completion','gap','Refreshments provided','Refreshments provided',null,'"packed lunch"'::jsonb) on conflict (test_slug, question_number) do update set section_no=excluded.section_no, qno=excluded.qno, question_type=excluded.question_type, type=excluded.type, prompt=excluded.prompt, question_text=excluded.question_text, options=excluded.options, correct_answer=excluded.correct_answer;
insert into public.listening_questions (test_slug, section_no, question_number, qno, question_type, type, prompt, question_text, options, correct_answer) values ('ielts-listening-full-001',2,20,20,'sentence_completion','short','Which charity is partnering with the council?','Which charity is partnering with the council?',null,'"Green Horizons"'::jsonb) on conflict (test_slug, question_number) do update set section_no=excluded.section_no, qno=excluded.qno, question_type=excluded.question_type, type=excluded.type, prompt=excluded.prompt, question_text=excluded.question_text, options=excluded.options, correct_answer=excluded.correct_answer;
insert into public.listening_sections (test_slug, order_no, audio_url, start_ms, end_ms, title, start_sec, end_sec) values ('ielts-listening-full-001',3,'https://xypbinamxunmwkhlvefd.supabase.co/storage/v1/object/public/listening-audio/Test06_Audio.mp3',1200000,1800000,'Section 3 — University Seminar Discussion',1200,1800) on conflict (test_slug, order_no) do update set audio_url=excluded.audio_url, start_ms=excluded.start_ms, end_ms=excluded.end_ms, title=excluded.title, start_sec=excluded.start_sec, end_sec=excluded.end_sec;
insert into public.listening_questions (test_slug, section_no, question_number, qno, question_type, type, prompt, question_text, options, correct_answer) values ('ielts-listening-full-001',3,21,21,'mcq','mcq','What is the focus of the students'' research project?','What is the focus of the students'' research project?','["Renewable energy adoption","Remote work productivity","Urban green spaces","Sustainable transport"]'::jsonb,'"Urban green spaces"'::jsonb) on conflict (test_slug, question_number) do update set section_no=excluded.section_no, qno=excluded.qno, question_type=excluded.question_type, type=excluded.type, prompt=excluded.prompt, question_text=excluded.question_text, options=excluded.options, correct_answer=excluded.correct_answer;
insert into public.listening_questions (test_slug, section_no, question_number, qno, question_type, type, prompt, question_text, options, correct_answer) values ('ielts-listening-full-001',3,22,22,'mcq','mcq','Which research method do they decide to prioritise?','Which research method do they decide to prioritise?','["Surveys","Field observations","Interviews","Data modelling"]'::jsonb,'"Field observations"'::jsonb) on conflict (test_slug, question_number) do update set section_no=excluded.section_no, qno=excluded.qno, question_type=excluded.question_type, type=excluded.type, prompt=excluded.prompt, question_text=excluded.question_text, options=excluded.options, correct_answer=excluded.correct_answer;
insert into public.listening_questions (test_slug, section_no, question_number, qno, question_type, type, prompt, question_text, options, correct_answer) values ('ielts-listening-full-001',3,23,23,'sentence_completion','gap','Number of parks selected','Number of parks selected',null,'"5"'::jsonb) on conflict (test_slug, question_number) do update set section_no=excluded.section_no, qno=excluded.qno, question_type=excluded.question_type, type=excluded.type, prompt=excluded.prompt, question_text=excluded.question_text, options=excluded.options, correct_answer=excluded.correct_answer;
insert into public.listening_questions (test_slug, section_no, question_number, qno, question_type, type, prompt, question_text, options, correct_answer) values ('ielts-listening-full-001',3,24,24,'sentence_completion','gap','Duration of each observation session','Duration of each observation session',null,'"45 minutes"'::jsonb) on conflict (test_slug, question_number) do update set section_no=excluded.section_no, qno=excluded.qno, question_type=excluded.question_type, type=excluded.type, prompt=excluded.prompt, question_text=excluded.question_text, options=excluded.options, correct_answer=excluded.correct_answer;
insert into public.listening_questions (test_slug, section_no, question_number, qno, question_type, type, prompt, question_text, options, correct_answer) values ('ielts-listening-full-001',3,25,25,'mcq','mcq','Which challenge do they anticipate?','Which challenge do they anticipate?','["Lack of funding","Unreliable weather","Shortage of volunteers","Limited access to data"]'::jsonb,'"Unreliable weather"'::jsonb) on conflict (test_slug, question_number) do update set section_no=excluded.section_no, qno=excluded.qno, question_type=excluded.question_type, type=excluded.type, prompt=excluded.prompt, question_text=excluded.question_text, options=excluded.options, correct_answer=excluded.correct_answer;
insert into public.listening_questions (test_slug, section_no, question_number, qno, question_type, type, prompt, question_text, options, correct_answer) values ('ielts-listening-full-001',3,26,26,'sentence_completion','gap','Statistical software to be used','Statistical software to be used',null,'"ArcGIS"'::jsonb) on conflict (test_slug, question_number) do update set section_no=excluded.section_no, qno=excluded.qno, question_type=excluded.question_type, type=excluded.type, prompt=excluded.prompt, question_text=excluded.question_text, options=excluded.options, correct_answer=excluded.correct_answer;
insert into public.listening_questions (test_slug, section_no, question_number, qno, question_type, type, prompt, question_text, options, correct_answer) values ('ielts-listening-full-001',3,27,27,'mcq','mcq','Who will lead the presentation?','Who will lead the presentation?','["Nina","Hassan","Laura","Miguel"]'::jsonb,'"Laura"'::jsonb) on conflict (test_slug, question_number) do update set section_no=excluded.section_no, qno=excluded.qno, question_type=excluded.question_type, type=excluded.type, prompt=excluded.prompt, question_text=excluded.question_text, options=excluded.options, correct_answer=excluded.correct_answer;
insert into public.listening_questions (test_slug, section_no, question_number, qno, question_type, type, prompt, question_text, options, correct_answer) values ('ielts-listening-full-001',3,28,28,'sentence_completion','short','Which department is funding the project?','Which department is funding the project?',null,'"School of Environmental Sciences"'::jsonb) on conflict (test_slug, question_number) do update set section_no=excluded.section_no, qno=excluded.qno, question_type=excluded.question_type, type=excluded.type, prompt=excluded.prompt, question_text=excluded.question_text, options=excluded.options, correct_answer=excluded.correct_answer;
insert into public.listening_questions (test_slug, section_no, question_number, qno, question_type, type, prompt, question_text, options, correct_answer) values ('ielts-listening-full-001',3,29,29,'sentence_completion','gap','Deadline for the draft report','Deadline for the draft report',null,'"3 November"'::jsonb) on conflict (test_slug, question_number) do update set section_no=excluded.section_no, qno=excluded.qno, question_type=excluded.question_type, type=excluded.type, prompt=excluded.prompt, question_text=excluded.question_text, options=excluded.options, correct_answer=excluded.correct_answer;
insert into public.listening_questions (test_slug, section_no, question_number, qno, question_type, type, prompt, question_text, options, correct_answer) values ('ielts-listening-full-001',3,30,30,'sentence_completion','gap','Percentage of grade allocated to field notes','Percentage of grade allocated to field notes',null,'"25%"'::jsonb) on conflict (test_slug, question_number) do update set section_no=excluded.section_no, qno=excluded.qno, question_type=excluded.question_type, type=excluded.type, prompt=excluded.prompt, question_text=excluded.question_text, options=excluded.options, correct_answer=excluded.correct_answer;
insert into public.listening_sections (test_slug, order_no, audio_url, start_ms, end_ms, title, start_sec, end_sec) values ('ielts-listening-full-001',4,'https://xypbinamxunmwkhlvefd.supabase.co/storage/v1/object/public/listening-audio/Test06_Audio.mp3',1800000,2400000,'Section 4 — Lecture on Climate-Resilient Cities',1800,2400) on conflict (test_slug, order_no) do update set audio_url=excluded.audio_url, start_ms=excluded.start_ms, end_ms=excluded.end_ms, title=excluded.title, start_sec=excluded.start_sec, end_sec=excluded.end_sec;
insert into public.listening_questions (test_slug, section_no, question_number, qno, question_type, type, prompt, question_text, options, correct_answer) values ('ielts-listening-full-001',4,31,31,'sentence_completion','gap','Key concept introduced','Key concept introduced',null,'"climate adaptation"'::jsonb) on conflict (test_slug, question_number) do update set section_no=excluded.section_no, qno=excluded.qno, question_type=excluded.question_type, type=excluded.type, prompt=excluded.prompt, question_text=excluded.question_text, options=excluded.options, correct_answer=excluded.correct_answer;
insert into public.listening_questions (test_slug, section_no, question_number, qno, question_type, type, prompt, question_text, options, correct_answer) values ('ielts-listening-full-001',4,32,32,'mcq','mcq','Which city is cited as a successful case study?','Which city is cited as a successful case study?','["Rotterdam","Sydney","Toronto","Cape Town"]'::jsonb,'"Rotterdam"'::jsonb) on conflict (test_slug, question_number) do update set section_no=excluded.section_no, qno=excluded.qno, question_type=excluded.question_type, type=excluded.type, prompt=excluded.prompt, question_text=excluded.question_text, options=excluded.options, correct_answer=excluded.correct_answer;
insert into public.listening_questions (test_slug, section_no, question_number, qno, question_type, type, prompt, question_text, options, correct_answer) values ('ielts-listening-full-001',4,33,33,'sentence_completion','gap','Main infrastructure upgrade discussed','Main infrastructure upgrade discussed',null,'"floating neighbourhoods"'::jsonb) on conflict (test_slug, question_number) do update set section_no=excluded.section_no, qno=excluded.qno, question_type=excluded.question_type, type=excluded.type, prompt=excluded.prompt, question_text=excluded.question_text, options=excluded.options, correct_answer=excluded.correct_answer;
insert into public.listening_questions (test_slug, section_no, question_number, qno, question_type, type, prompt, question_text, options, correct_answer) values ('ielts-listening-full-001',4,34,34,'mcq','mcq','What percentage of urban areas will face flood risk by 2050 according to the lecture?','What percentage of urban areas will face flood risk by 2050 according to the lecture?','["10%","22%","40%","58%"]'::jsonb,'"40%"'::jsonb) on conflict (test_slug, question_number) do update set section_no=excluded.section_no, qno=excluded.qno, question_type=excluded.question_type, type=excluded.type, prompt=excluded.prompt, question_text=excluded.question_text, options=excluded.options, correct_answer=excluded.correct_answer;
insert into public.listening_questions (test_slug, section_no, question_number, qno, question_type, type, prompt, question_text, options, correct_answer) values ('ielts-listening-full-001',4,35,35,'sentence_completion','gap','Type of data used to model rainfall patterns','Type of data used to model rainfall patterns',null,'"satellite imagery"'::jsonb) on conflict (test_slug, question_number) do update set section_no=excluded.section_no, qno=excluded.qno, question_type=excluded.question_type, type=excluded.type, prompt=excluded.prompt, question_text=excluded.question_text, options=excluded.options, correct_answer=excluded.correct_answer;
insert into public.listening_questions (test_slug, section_no, question_number, qno, question_type, type, prompt, question_text, options, correct_answer) values ('ielts-listening-full-001',4,36,36,'sentence_completion','gap','Cost of the pilot project in millions','Cost of the pilot project in millions',null,'"18"'::jsonb) on conflict (test_slug, question_number) do update set section_no=excluded.section_no, qno=excluded.qno, question_type=excluded.question_type, type=excluded.type, prompt=excluded.prompt, question_text=excluded.question_text, options=excluded.options, correct_answer=excluded.correct_answer;
insert into public.listening_questions (test_slug, section_no, question_number, qno, question_type, type, prompt, question_text, options, correct_answer) values ('ielts-listening-full-001',4,37,37,'mcq','mcq','Which group benefited most from the new green corridors?','Which group benefited most from the new green corridors?','["Cyclists","Primary school students","Local businesses","Retired residents"]'::jsonb,'"Primary school students"'::jsonb) on conflict (test_slug, question_number) do update set section_no=excluded.section_no, qno=excluded.qno, question_type=excluded.question_type, type=excluded.type, prompt=excluded.prompt, question_text=excluded.question_text, options=excluded.options, correct_answer=excluded.correct_answer;
insert into public.listening_questions (test_slug, section_no, question_number, qno, question_type, type, prompt, question_text, options, correct_answer) values ('ielts-listening-full-001',4,38,38,'sentence_completion','gap','Percentage reduction in summer temperatures','Percentage reduction in summer temperatures',null,'"3 degrees"'::jsonb) on conflict (test_slug, question_number) do update set section_no=excluded.section_no, qno=excluded.qno, question_type=excluded.question_type, type=excluded.type, prompt=excluded.prompt, question_text=excluded.question_text, options=excluded.options, correct_answer=excluded.correct_answer;
insert into public.listening_questions (test_slug, section_no, question_number, qno, question_type, type, prompt, question_text, options, correct_answer) values ('ielts-listening-full-001',4,39,39,'sentence_completion','short','Which agency funded the research?','Which agency funded the research?',null,'"European Climate Innovation Fund"'::jsonb) on conflict (test_slug, question_number) do update set section_no=excluded.section_no, qno=excluded.qno, question_type=excluded.question_type, type=excluded.type, prompt=excluded.prompt, question_text=excluded.question_text, options=excluded.options, correct_answer=excluded.correct_answer;
insert into public.listening_questions (test_slug, section_no, question_number, qno, question_type, type, prompt, question_text, options, correct_answer) values ('ielts-listening-full-001',4,40,40,'sentence_completion','gap','Recommended policy priority','Recommended policy priority',null,'"integrated water management"'::jsonb) on conflict (test_slug, question_number) do update set section_no=excluded.section_no, qno=excluded.qno, question_type=excluded.question_type, type=excluded.type, prompt=excluded.prompt, question_text=excluded.question_text, options=excluded.options, correct_answer=excluded.correct_answer;

-- ielts-listening-full-002
insert into public.listening_tests (slug,title,audio_url,duration_minutes,questions,is_mock,is_published) values ('ielts-listening-full-002','IELTS Listening Full Mock Exam 002','https://cdn.example.com/audio/listening/full-002-section1.mp3',40,40,true,true) on conflict (slug) do update set title=excluded.title, audio_url=excluded.audio_url, duration_minutes=excluded.duration_minutes, questions=excluded.questions, is_mock=true, is_published=true;
insert into public.listening_sections (test_slug, order_no, audio_url, start_ms, end_ms, title, start_sec, end_sec) values ('ielts-listening-full-002',1,'https://cdn.example.com/audio/listening/full-002-section1.mp3',0,600000,'Section 1 — Student Housing Inquiry',0,600) on conflict (test_slug, order_no) do update set audio_url=excluded.audio_url, start_ms=excluded.start_ms, end_ms=excluded.end_ms, title=excluded.title, start_sec=excluded.start_sec, end_sec=excluded.end_sec;
insert into public.listening_questions (test_slug, section_no, question_number, qno, question_type, type, prompt, question_text, options, correct_answer) values ('ielts-listening-full-002',1,1,1,'mcq','mcq','Which venue is reserved for the event?','Which venue is reserved for the event?','["Brookside Residence Lounge","Harbor View Hall","Library Seminar Suite","Crescent Pavilion"]'::jsonb,'"Brookside Residence Lounge"'::jsonb) on conflict (test_slug, question_number) do update set section_no=excluded.section_no, qno=excluded.qno, question_type=excluded.question_type, type=excluded.type, prompt=excluded.prompt, question_text=excluded.question_text, options=excluded.options, correct_answer=excluded.correct_answer;
insert into public.listening_questions (test_slug, section_no, question_number, qno, question_type, type, prompt, question_text, options, correct_answer) values ('ielts-listening-full-002',1,2,2,'sentence_completion','gap','Event date confirmed','Event date confirmed',null,'"14th October"'::jsonb) on conflict (test_slug, question_number) do update set section_no=excluded.section_no, qno=excluded.qno, question_type=excluded.question_type, type=excluded.type, prompt=excluded.prompt, question_text=excluded.question_text, options=excluded.options, correct_answer=excluded.correct_answer;
insert into public.listening_questions (test_slug, section_no, question_number, qno, question_type, type, prompt, question_text, options, correct_answer) values ('ielts-listening-full-002',1,3,3,'sentence_completion','gap','Start time','Start time',null,'"7:00 pm"'::jsonb) on conflict (test_slug, question_number) do update set section_no=excluded.section_no, qno=excluded.qno, question_type=excluded.question_type, type=excluded.type, prompt=excluded.prompt, question_text=excluded.question_text, options=excluded.options, correct_answer=excluded.correct_answer;
insert into public.listening_questions (test_slug, section_no, question_number, qno, question_type, type, prompt, question_text, options, correct_answer) values ('ielts-listening-full-002',1,4,4,'sentence_completion','gap','Number of attendees','Number of attendees',null,'"120"'::jsonb) on conflict (test_slug, question_number) do update set section_no=excluded.section_no, qno=excluded.qno, question_type=excluded.question_type, type=excluded.type, prompt=excluded.prompt, question_text=excluded.question_text, options=excluded.options, correct_answer=excluded.correct_answer;
insert into public.listening_questions (test_slug, section_no, question_number, qno, question_type, type, prompt, question_text, options, correct_answer) values ('ielts-listening-full-002',1,5,5,'mcq','mcq','Catering choice','Catering choice','["Mediterranean buffet","Vegan canapés","Street food vans","Formal three-course dinner"]'::jsonb,'"Mediterranean buffet"'::jsonb) on conflict (test_slug, question_number) do update set section_no=excluded.section_no, qno=excluded.qno, question_type=excluded.question_type, type=excluded.type, prompt=excluded.prompt, question_text=excluded.question_text, options=excluded.options, correct_answer=excluded.correct_answer;
insert into public.listening_questions (test_slug, section_no, question_number, qno, question_type, type, prompt, question_text, options, correct_answer) values ('ielts-listening-full-002',1,6,6,'sentence_completion','gap','Deposit amount due','Deposit amount due',null,'"250 pounds"'::jsonb) on conflict (test_slug, question_number) do update set section_no=excluded.section_no, qno=excluded.qno, question_type=excluded.question_type, type=excluded.type, prompt=excluded.prompt, question_text=excluded.question_text, options=excluded.options, correct_answer=excluded.correct_answer;
insert into public.listening_questions (test_slug, section_no, question_number, qno, question_type, type, prompt, question_text, options, correct_answer) values ('ielts-listening-full-002',1,7,7,'sentence_completion','gap','Special equipment requested','Special equipment requested',null,'"wireless microphones"'::jsonb) on conflict (test_slug, question_number) do update set section_no=excluded.section_no, qno=excluded.qno, question_type=excluded.question_type, type=excluded.type, prompt=excluded.prompt, question_text=excluded.question_text, options=excluded.options, correct_answer=excluded.correct_answer;
insert into public.listening_questions (test_slug, section_no, question_number, qno, question_type, type, prompt, question_text, options, correct_answer) values ('ielts-listening-full-002',1,8,8,'sentence_completion','short','Who will collect the keys?','Who will collect the keys?',null,'"Sophie"'::jsonb) on conflict (test_slug, question_number) do update set section_no=excluded.section_no, qno=excluded.qno, question_type=excluded.question_type, type=excluded.type, prompt=excluded.prompt, question_text=excluded.question_text, options=excluded.options, correct_answer=excluded.correct_answer;
insert into public.listening_questions (test_slug, section_no, question_number, qno, question_type, type, prompt, question_text, options, correct_answer) values ('ielts-listening-full-002',1,9,9,'mcq','mcq','Where should guests park?','Where should guests park?','["Underground car park B","East surface lot","Visitor bays on King Street","Overflow field"]'::jsonb,'"Underground car park B"'::jsonb) on conflict (test_slug, question_number) do update set section_no=excluded.section_no, qno=excluded.qno, question_type=excluded.question_type, type=excluded.type, prompt=excluded.prompt, question_text=excluded.question_text, options=excluded.options, correct_answer=excluded.correct_answer;
insert into public.listening_questions (test_slug, section_no, question_number, qno, question_type, type, prompt, question_text, options, correct_answer) values ('ielts-listening-full-002',1,10,10,'sentence_completion','gap','Preferred seating layout','Preferred seating layout',null,'"banquet style"'::jsonb) on conflict (test_slug, question_number) do update set section_no=excluded.section_no, qno=excluded.qno, question_type=excluded.question_type, type=excluded.type, prompt=excluded.prompt, question_text=excluded.question_text, options=excluded.options, correct_answer=excluded.correct_answer;
insert into public.listening_sections (test_slug, order_no, audio_url, start_ms, end_ms, title, start_sec, end_sec) values ('ielts-listening-full-002',2,'https://cdn.example.com/audio/listening/full-002-section2.mp3',600000,1200000,'Section 2 — Campus Innovation Tour Briefing',600,1200) on conflict (test_slug, order_no) do update set audio_url=excluded.audio_url, start_ms=excluded.start_ms, end_ms=excluded.end_ms, title=excluded.title, start_sec=excluded.start_sec, end_sec=excluded.end_sec;
insert into public.listening_questions (test_slug, section_no, question_number, qno, question_type, type, prompt, question_text, options, correct_answer) values ('ielts-listening-full-002',2,11,11,'mcq','mcq','What is the speaker''s role?','What is the speaker''s role?','["innovation tour coordinator","student ambassador","operations supervisor","guest lecturer"]'::jsonb,'"innovation tour coordinator"'::jsonb) on conflict (test_slug, question_number) do update set section_no=excluded.section_no, qno=excluded.qno, question_type=excluded.question_type, type=excluded.type, prompt=excluded.prompt, question_text=excluded.question_text, options=excluded.options, correct_answer=excluded.correct_answer;
insert into public.listening_questions (test_slug, section_no, question_number, qno, question_type, type, prompt, question_text, options, correct_answer) values ('ielts-listening-full-002',2,12,12,'sentence_completion','gap','Main briefing topic','Main briefing topic',null,'"orientation briefing for the new makerspace"'::jsonb) on conflict (test_slug, question_number) do update set section_no=excluded.section_no, qno=excluded.qno, question_type=excluded.question_type, type=excluded.type, prompt=excluded.prompt, question_text=excluded.question_text, options=excluded.options, correct_answer=excluded.correct_answer;
insert into public.listening_questions (test_slug, section_no, question_number, qno, question_type, type, prompt, question_text, options, correct_answer) values ('ielts-listening-full-002',2,13,13,'sentence_completion','gap','Duration of the talk','Duration of the talk',null,'"25 minutes"'::jsonb) on conflict (test_slug, question_number) do update set section_no=excluded.section_no, qno=excluded.qno, question_type=excluded.question_type, type=excluded.type, prompt=excluded.prompt, question_text=excluded.question_text, options=excluded.options, correct_answer=excluded.correct_answer;
insert into public.listening_questions (test_slug, section_no, question_number, qno, question_type, type, prompt, question_text, options, correct_answer) values ('ielts-listening-full-002',2,14,14,'sentence_completion','gap','Meeting point','Meeting point',null,'"Old Clock Tower plaza"'::jsonb) on conflict (test_slug, question_number) do update set section_no=excluded.section_no, qno=excluded.qno, question_type=excluded.question_type, type=excluded.type, prompt=excluded.prompt, question_text=excluded.question_text, options=excluded.options, correct_answer=excluded.correct_answer;
insert into public.listening_questions (test_slug, section_no, question_number, qno, question_type, type, prompt, question_text, options, correct_answer) values ('ielts-listening-full-002',2,15,15,'mcq','mcq','First location on the tour','First location on the tour','["Prototyping Lab","Media Studio","Roof Garden","Fabrication Wing"]'::jsonb,'"Prototyping Lab"'::jsonb) on conflict (test_slug, question_number) do update set section_no=excluded.section_no, qno=excluded.qno, question_type=excluded.question_type, type=excluded.type, prompt=excluded.prompt, question_text=excluded.question_text, options=excluded.options, correct_answer=excluded.correct_answer;
insert into public.listening_questions (test_slug, section_no, question_number, qno, question_type, type, prompt, question_text, options, correct_answer) values ('ielts-listening-full-002',2,16,16,'sentence_completion','gap','Map label for the creative studio','Map label for the creative studio',null,'"Room F"'::jsonb) on conflict (test_slug, question_number) do update set section_no=excluded.section_no, qno=excluded.qno, question_type=excluded.question_type, type=excluded.type, prompt=excluded.prompt, question_text=excluded.question_text, options=excluded.options, correct_answer=excluded.correct_answer;
insert into public.listening_questions (test_slug, section_no, question_number, qno, question_type, type, prompt, question_text, options, correct_answer) values ('ielts-listening-full-002',2,17,17,'sentence_completion','gap','Wi-Fi access code','Wi-Fi access code',null,'"Makers-2025"'::jsonb) on conflict (test_slug, question_number) do update set section_no=excluded.section_no, qno=excluded.qno, question_type=excluded.question_type, type=excluded.type, prompt=excluded.prompt, question_text=excluded.question_text, options=excluded.options, correct_answer=excluded.correct_answer;
insert into public.listening_questions (test_slug, section_no, question_number, qno, question_type, type, prompt, question_text, options, correct_answer) values ('ielts-listening-full-002',2,18,18,'sentence_completion','short','Which day includes the live Q&A?','Which day includes the live Q&A?',null,'"Friday"'::jsonb) on conflict (test_slug, question_number) do update set section_no=excluded.section_no, qno=excluded.qno, question_type=excluded.question_type, type=excluded.type, prompt=excluded.prompt, question_text=excluded.question_text, options=excluded.options, correct_answer=excluded.correct_answer;
insert into public.listening_questions (test_slug, section_no, question_number, qno, question_type, type, prompt, question_text, options, correct_answer) values ('ielts-listening-full-002',2,19,19,'mcq','mcq','What must participants bring?','What must participants bring?','["closed-toe shoes","formal suits","printed tickets","sports equipment"]'::jsonb,'"closed-toe shoes"'::jsonb) on conflict (test_slug, question_number) do update set section_no=excluded.section_no, qno=excluded.qno, question_type=excluded.question_type, type=excluded.type, prompt=excluded.prompt, question_text=excluded.question_text, options=excluded.options, correct_answer=excluded.correct_answer;
insert into public.listening_questions (test_slug, section_no, question_number, qno, question_type, type, prompt, question_text, options, correct_answer) values ('ielts-listening-full-002',2,20,20,'sentence_completion','gap','Emergency contact number','Emergency contact number',null,'"0207 555 1940"'::jsonb) on conflict (test_slug, question_number) do update set section_no=excluded.section_no, qno=excluded.qno, question_type=excluded.question_type, type=excluded.type, prompt=excluded.prompt, question_text=excluded.question_text, options=excluded.options, correct_answer=excluded.correct_answer;
insert into public.listening_sections (test_slug, order_no, audio_url, start_ms, end_ms, title, start_sec, end_sec) values ('ielts-listening-full-002',3,'https://cdn.example.com/audio/listening/full-002-section3.mp3',1200000,1800000,'Section 3 — Group Discussion on Mobility Study',1200,1800) on conflict (test_slug, order_no) do update set audio_url=excluded.audio_url, start_ms=excluded.start_ms, end_ms=excluded.end_ms, title=excluded.title, start_sec=excluded.start_sec, end_sec=excluded.end_sec;
insert into public.listening_questions (test_slug, section_no, question_number, qno, question_type, type, prompt, question_text, options, correct_answer) values ('ielts-listening-full-002',3,21,21,'mcq','mcq','What project are the students discussing?','What project are the students discussing?','["urban micro-mobility study","campus dining review","library refurbishment","sports participation survey"]'::jsonb,'"urban micro-mobility study"'::jsonb) on conflict (test_slug, question_number) do update set section_no=excluded.section_no, qno=excluded.qno, question_type=excluded.question_type, type=excluded.type, prompt=excluded.prompt, question_text=excluded.question_text, options=excluded.options, correct_answer=excluded.correct_answer;
insert into public.listening_questions (test_slug, section_no, question_number, qno, question_type, type, prompt, question_text, options, correct_answer) values ('ielts-listening-full-002',3,22,22,'sentence_completion','gap','Project lead','Project lead',null,'"Amelia"'::jsonb) on conflict (test_slug, question_number) do update set section_no=excluded.section_no, qno=excluded.qno, question_type=excluded.question_type, type=excluded.type, prompt=excluded.prompt, question_text=excluded.question_text, options=excluded.options, correct_answer=excluded.correct_answer;
insert into public.listening_questions (test_slug, section_no, question_number, qno, question_type, type, prompt, question_text, options, correct_answer) values ('ielts-listening-full-002',3,23,23,'sentence_completion','gap','Submission deadline','Submission deadline',null,'"18 November"'::jsonb) on conflict (test_slug, question_number) do update set section_no=excluded.section_no, qno=excluded.qno, question_type=excluded.question_type, type=excluded.type, prompt=excluded.prompt, question_text=excluded.question_text, options=excluded.options, correct_answer=excluded.correct_answer;
insert into public.listening_questions (test_slug, section_no, question_number, qno, question_type, type, prompt, question_text, options, correct_answer) values ('ielts-listening-full-002',3,24,24,'sentence_completion','gap','Team meeting cadence','Team meeting cadence',null,'"twice a week"'::jsonb) on conflict (test_slug, question_number) do update set section_no=excluded.section_no, qno=excluded.qno, question_type=excluded.question_type, type=excluded.type, prompt=excluded.prompt, question_text=excluded.question_text, options=excluded.options, correct_answer=excluded.correct_answer;
insert into public.listening_questions (test_slug, section_no, question_number, qno, question_type, type, prompt, question_text, options, correct_answer) values ('ielts-listening-full-002',3,25,25,'mcq','mcq','Chosen research method','Chosen research method','["mixed-method interviews","online polls only","archival research","laboratory experiments"]'::jsonb,'"mixed-method interviews"'::jsonb) on conflict (test_slug, question_number) do update set section_no=excluded.section_no, qno=excluded.qno, question_type=excluded.question_type, type=excluded.type, prompt=excluded.prompt, question_text=excluded.question_text, options=excluded.options, correct_answer=excluded.correct_answer;
insert into public.listening_questions (test_slug, section_no, question_number, qno, question_type, type, prompt, question_text, options, correct_answer) values ('ielts-listening-full-002',3,26,26,'sentence_completion','gap','Software platform','Software platform',null,'"InsightLab"'::jsonb) on conflict (test_slug, question_number) do update set section_no=excluded.section_no, qno=excluded.qno, question_type=excluded.question_type, type=excluded.type, prompt=excluded.prompt, question_text=excluded.question_text, options=excluded.options, correct_answer=excluded.correct_answer;
insert into public.listening_questions (test_slug, section_no, question_number, qno, question_type, type, prompt, question_text, options, correct_answer) values ('ielts-listening-full-002',3,27,27,'sentence_completion','gap','Allocated budget','Allocated budget',null,'"£450"'::jsonb) on conflict (test_slug, question_number) do update set section_no=excluded.section_no, qno=excluded.qno, question_type=excluded.question_type, type=excluded.type, prompt=excluded.prompt, question_text=excluded.question_text, options=excluded.options, correct_answer=excluded.correct_answer;
insert into public.listening_questions (test_slug, section_no, question_number, qno, question_type, type, prompt, question_text, options, correct_answer) values ('ielts-listening-full-002',3,28,28,'sentence_completion','short','Which lecturer will review their draft?','Which lecturer will review their draft?',null,'"Dr. Chen"'::jsonb) on conflict (test_slug, question_number) do update set section_no=excluded.section_no, qno=excluded.qno, question_type=excluded.question_type, type=excluded.type, prompt=excluded.prompt, question_text=excluded.question_text, options=excluded.options, correct_answer=excluded.correct_answer;
insert into public.listening_questions (test_slug, section_no, question_number, qno, question_type, type, prompt, question_text, options, correct_answer) values ('ielts-listening-full-002',3,29,29,'mcq','mcq','Primary challenge identified','Primary challenge identified','["recruiting enough night-shift workers","booking the conference hall","editing the audio guides","transporting lab samples"]'::jsonb,'"recruiting enough night-shift workers"'::jsonb) on conflict (test_slug, question_number) do update set section_no=excluded.section_no, qno=excluded.qno, question_type=excluded.question_type, type=excluded.type, prompt=excluded.prompt, question_text=excluded.question_text, options=excluded.options, correct_answer=excluded.correct_answer;
insert into public.listening_questions (test_slug, section_no, question_number, qno, question_type, type, prompt, question_text, options, correct_answer) values ('ielts-listening-full-002',3,30,30,'sentence_completion','gap','Planned presentation length','Planned presentation length',null,'"12 minutes"'::jsonb) on conflict (test_slug, question_number) do update set section_no=excluded.section_no, qno=excluded.qno, question_type=excluded.question_type, type=excluded.type, prompt=excluded.prompt, question_text=excluded.question_text, options=excluded.options, correct_answer=excluded.correct_answer;
insert into public.listening_sections (test_slug, order_no, audio_url, start_ms, end_ms, title, start_sec, end_sec) values ('ielts-listening-full-002',4,'https://cdn.example.com/audio/listening/full-002-section4.mp3',1800000,2400000,'Section 4 — Lecture on Smart Transit Grids',1800,2400) on conflict (test_slug, order_no) do update set audio_url=excluded.audio_url, start_ms=excluded.start_ms, end_ms=excluded.end_ms, title=excluded.title, start_sec=excluded.start_sec, end_sec=excluded.end_sec;
insert into public.listening_questions (test_slug, section_no, question_number, qno, question_type, type, prompt, question_text, options, correct_answer) values ('ielts-listening-full-002',4,31,31,'mcq','mcq','What is the lecture mainly about?','What is the lecture mainly about?','["integrated smart transit grids","heritage tourism marketing","marine biology fieldwork","culinary entrepreneurship"]'::jsonb,'"integrated smart transit grids"'::jsonb) on conflict (test_slug, question_number) do update set section_no=excluded.section_no, qno=excluded.qno, question_type=excluded.question_type, type=excluded.type, prompt=excluded.prompt, question_text=excluded.question_text, options=excluded.options, correct_answer=excluded.correct_answer;
insert into public.listening_questions (test_slug, section_no, question_number, qno, question_type, type, prompt, question_text, options, correct_answer) values ('ielts-listening-full-002',4,32,32,'sentence_completion','gap','Key statistic mentioned','Key statistic mentioned',null,'"42 percent"'::jsonb) on conflict (test_slug, question_number) do update set section_no=excluded.section_no, qno=excluded.qno, question_type=excluded.question_type, type=excluded.type, prompt=excluded.prompt, question_text=excluded.question_text, options=excluded.options, correct_answer=excluded.correct_answer;
insert into public.listening_questions (test_slug, section_no, question_number, qno, question_type, type, prompt, question_text, options, correct_answer) values ('ielts-listening-full-002',4,33,33,'sentence_completion','gap','Term introduced by the lecturer','Term introduced by the lecturer',null,'"adaptive routing corridors"'::jsonb) on conflict (test_slug, question_number) do update set section_no=excluded.section_no, qno=excluded.qno, question_type=excluded.question_type, type=excluded.type, prompt=excluded.prompt, question_text=excluded.question_text, options=excluded.options, correct_answer=excluded.correct_answer;
insert into public.listening_questions (test_slug, section_no, question_number, qno, question_type, type, prompt, question_text, options, correct_answer) values ('ielts-listening-full-002',4,34,34,'sentence_completion','gap','City used as a case study','City used as a case study',null,'"Rotterdam"'::jsonb) on conflict (test_slug, question_number) do update set section_no=excluded.section_no, qno=excluded.qno, question_type=excluded.question_type, type=excluded.type, prompt=excluded.prompt, question_text=excluded.question_text, options=excluded.options, correct_answer=excluded.correct_answer;
insert into public.listening_questions (test_slug, section_no, question_number, qno, question_type, type, prompt, question_text, options, correct_answer) values ('ielts-listening-full-002',4,35,35,'mcq','mcq','Main driver behind the initiative','Main driver behind the initiative','["citywide sensor data sharing","private sponsorship deals","seasonal tourism demand","student volunteer hours"]'::jsonb,'"citywide sensor data sharing"'::jsonb) on conflict (test_slug, question_number) do update set section_no=excluded.section_no, qno=excluded.qno, question_type=excluded.question_type, type=excluded.type, prompt=excluded.prompt, question_text=excluded.question_text, options=excluded.options, correct_answer=excluded.correct_answer;
insert into public.listening_questions (test_slug, section_no, question_number, qno, question_type, type, prompt, question_text, options, correct_answer) values ('ielts-listening-full-002',4,36,36,'sentence_completion','gap','Research team leading the work','Research team leading the work',null,'"Atlas Institute"'::jsonb) on conflict (test_slug, question_number) do update set section_no=excluded.section_no, qno=excluded.qno, question_type=excluded.question_type, type=excluded.type, prompt=excluded.prompt, question_text=excluded.question_text, options=excluded.options, correct_answer=excluded.correct_answer;
insert into public.listening_questions (test_slug, section_no, question_number, qno, question_type, type, prompt, question_text, options, correct_answer) values ('ielts-listening-full-002',4,37,37,'sentence_completion','gap','Suggested further reading','Suggested further reading',null,'"Smart Mobility 2035 report"'::jsonb) on conflict (test_slug, question_number) do update set section_no=excluded.section_no, qno=excluded.qno, question_type=excluded.question_type, type=excluded.type, prompt=excluded.prompt, question_text=excluded.question_text, options=excluded.options, correct_answer=excluded.correct_answer;
insert into public.listening_questions (test_slug, section_no, question_number, qno, question_type, type, prompt, question_text, options, correct_answer) values ('ielts-listening-full-002',4,38,38,'sentence_completion','short','Pilot programme launch year','Pilot programme launch year',null,'"2021"'::jsonb) on conflict (test_slug, question_number) do update set section_no=excluded.section_no, qno=excluded.qno, question_type=excluded.question_type, type=excluded.type, prompt=excluded.prompt, question_text=excluded.question_text, options=excluded.options, correct_answer=excluded.correct_answer;
insert into public.listening_questions (test_slug, section_no, question_number, qno, question_type, type, prompt, question_text, options, correct_answer) values ('ielts-listening-full-002',4,39,39,'mcq','mcq','Ongoing challenge highlighted','Ongoing challenge highlighted','["aligning legacy ticketing systems","training volunteer docents","maintaining coral nurseries","protecting recipe IP"]'::jsonb,'"aligning legacy ticketing systems"'::jsonb) on conflict (test_slug, question_number) do update set section_no=excluded.section_no, qno=excluded.qno, question_type=excluded.question_type, type=excluded.type, prompt=excluded.prompt, question_text=excluded.question_text, options=excluded.options, correct_answer=excluded.correct_answer;
insert into public.listening_questions (test_slug, section_no, question_number, qno, question_type, type, prompt, question_text, options, correct_answer) values ('ielts-listening-full-002',4,40,40,'sentence_completion','gap','Final takeaway phrase','Final takeaway phrase',null,'"design for adaptability"'::jsonb) on conflict (test_slug, question_number) do update set section_no=excluded.section_no, qno=excluded.qno, question_type=excluded.question_type, type=excluded.type, prompt=excluded.prompt, question_text=excluded.question_text, options=excluded.options, correct_answer=excluded.correct_answer;

